NPI,last_name,first_name,full_name,Address_1,Address_2,specialty,city,state,zip,rank,group
1013009216,MOORE,EDWARD,EDWARD MOORE,561 FAIRTHORNE AVE,,Psychiatry,PHILADELPHIA,PA,191282412,98,1
1013081835,PETROVIC,MARIJA,MARIJA PETROVIC,8001 STATE RD,,Psychiatry,PHILADELPHIA,PA,191362908,64,1
1023100203,DUNZIK,SCOTT,SCOTT DUNZIK,561 FAIRTHORNE AVE,,Psychiatry,PHILADELPHIA,PA,191282412,15,1
1033139415,DUGGIRALA,CHANDRUDU,CHANDRUDU DUGGIRALA,501 S 54TH ST,,Psychiatry,PHILADELPHIA,PA,191431900,98,1
1043474752,ANDERSON,ELEANOR,ELEANOR ANDERSON,3400 CIVIC CENTER BLVD,"PATIENT AND FAMILY SERVICES, 1ST FLOOR, WEST PAVILION",Psychiatry,PHILADELPHIA,PA,191045127,76,2
1053312272,SHAH,GIRISH,GIRISH SHAH,801 W GIRARD AVE,,Psychiatry,PHILADELPHIA,PA,191224212,98,3
1053571000,MARGERY,SOLANGE,SOLANGE MARGERY,833 CHESTNUT ST,SUITE 210,Psychiatry,PHILADELPHIA,PA,191074414,5,4
1073534764,HOLZER,CORDULA,CORDULA HOLZER,1739 DELANCEY ST,,Psychiatry,PHILADELPHIA,PA,191036714,63,5
1073556007,BEST,KIMBERLY,KIMBERLY BEST,101 E OLNEY AVE,SUITE 400,Psychiatry,PHILADELPHIA,PA,191202421,62,1
1073676151,ANGELO,ANITA,ANITA ANGELO,2055 E ALLEGHENY AVE,,Psychiatry,PHILADELPHIA,PA,191343832,68,1
1073679718,GALBRAITH,JULIETTE,JULIETTE GALBRAITH,3535 MARKET ST,2ND FLOOR,Psychiatry,PHILADELPHIA,PA,191043309,51,2
1073767208,REID,JENNIFER,JENNIFER REID,3535 MARKET ST,3RD FLOOR,Psychiatry,PHILADELPHIA,PA,191043309,76,2
1083812697,BOWEN,ANDREA,ANDREA BOWEN,3400 SPRUCE ST,1 MALONEY,Psychiatry,PHILADELPHIA,PA,191044206,38,1
1083984751,SAYADIPOUR,AMIRALI,AMIRALI SAYADIPOUR,230 N BROAD ST,,Psychiatry,PHILADELPHIA,PA,191021121,13,1
1093745085,KAMPMAN,KYLE,KYLE KAMPMAN,3535 MARKET ST,3RD FLOOR,Psychiatry,PHILADELPHIA,PA,19104,76,2
1104098102,AKHTAR,UMAIR,UMAIR AKHTAR,4641 ROOSEVELT BLVD,,Psychiatry,PHILADELPHIA,PA,191242343,30,1
1104827278,HERRERA,JESUS,JESUS HERRERA,3156 KENSINGTON AVE,,Psychiatry,PHILADELPHIA,PA,191342400,34,1
1114039682,ELLMAN,JARED,JARED ELLMAN,1601 WALNUT ST,SUITE 1516,Psychiatry,PHILADELPHIA,PA,191022944,98,4
1114067824,MECHANIC,KAREN,KAREN MECHANIC,333 COTTMAN AVENUE,FOX CHASE CANCER CENTER,Psychiatry,PHILADELPHIA,PA,19111,98,4
1114914959,ORTIZ,NATALIA,NATALIA ORTIZ,100 E LEHIGH AVE,,Psychiatry,PHILADELPHIA,PA,191251012,71,1
1124230453,RETAMERO,CAROLINA,CAROLINA RETAMERO,100 E LEHIGH AVE # MAB,SUITE 105,Psychiatry,PHILADELPHIA,PA,191251012,49,1
1124296009,WESLEY,KRISTIN,KRISTIN WESLEY,3535 MARKET STREET,2ND FLOOR,Psychiatry,PHILADELPHIA,PA,19104,76,2
1134161938,GRATZ,SILVIA,SILVIA GRATZ,4641 ROOSEVELT BLVD,SUITE C229,Psychiatry,PHILADELPHIA,PA,191242343,16,1
1134211253,SURESHKUMAR,THAMBIPILLAI,THAMBIPILLAI SURESHKUMAR,561 FAIRTHORNE AVE,,Psychiatry,PHILADELPHIA,PA,191282412,42,1
1134216120,WILF,THEODORE,THEODORE WILF,1315 WINDRIM AVE,,Psychiatry,PHILADELPHIA,PA,191412710,98,1
1154365138,STANILLA,JOSEPH,JOSEPH STANILLA,101 E OLNEY AVE,SUITE 400,Psychiatry,PHILADELPHIA,PA,191202421,26,1
1154455798,ALHOMSI,MOTAZ,MOTAZ ALHOMSI,27 E MOUNT AIRY AVE,,Psychiatry,PHILADELPHIA,PA,191191713,10,1
1164468427,COSGROVE,DOUGLAS,DOUGLAS COSGROVE,101 E OLNEY AVE,SUITE 400,Psychiatry,PHILADELPHIA,PA,191202421,29,1
1164686499,KALRA,INDER DARSHAN,INDER DARSHAN KALRA,5501 OLD YORK RD,PSYCHIATRY,Psychiatry,PHILADELPHIA,PA,191413018,54,1
1174511166,ZILBERING,POLINA,POLINA ZILBERING,100 E LEHIGH AVE,,Psychiatry,PHILADELPHIA,PA,191251012,20,1
1174573869,BEDRICK,JEFFREY,JEFFREY BEDRICK,255 S 17TH ST,SUITE 1905,Psychiatry,PHILADELPHIA,PA,191036231,65,1
1174724041,GLUZMAN,ELLEN,ELLEN GLUZMAN,100 E LEHIGH AVE,,Psychiatry,PHILADELPHIA,PA,191251012,20,1
1184620130,IGE,ABAYOMI,ABAYOMI IGE,1315 WINDRIM AVE,,Psychiatry,PHILADELPHIA,PA,191412710,6,1
1184650475,KONERU,RAMESH,RAMESH KONERU,520 N DELAWARE AVE,SUITE # 4D,Psychiatry,PHILADELPHIA,PA,191234226,98,1
1184651606,VERMA,SUNIL,SUNIL VERMA,4641 ROOSEVELT BLVD,,Psychiatry,PHILADELPHIA,PA,191242343,45,1
1194755231,STINNETT,JAMES,JAMES STINNETT,3400 SPRUCE ST,,Psychiatry,PHILADELPHIA,PA,19104,98,1
1194989814,BENNETT,RACHEL,RACHEL BENNETT,3400 SPRUCE ST,1 MALONEY,Psychiatry,PHILADELPHIA,PA,191044206,38,1
1205121126,SIEGEL,ANDREW,ANDREW SIEGEL,3400 SPRUCE ST,,Psychiatry,PHILADELPHIA,PA,191044206,76,2
1205871381,SCHINDLER,BARBARA,BARBARA SCHINDLER,4641 ROOSEVELT BLVD,SUITE C229,Psychiatry,PHILADELPHIA,PA,191242343,45,1
1205876075,HAVES,VALORIE,VALORIE HAVES,1 PENN BLVD FL 3,,Psychiatry,PHILADELPHIA,PA,191441476,98,1
1215074489,RAHMAN,NASIFA,NASIFA RAHMAN,4641 ROOSEVELT BLVD,,Psychiatry,PHILADELPHIA,PA,191242343,98,1
1215149661,SARKAR,PRIYANKAR,PRIYANKAR SARKAR,5501 OLD YORK RD,OFFICE OF ACADEMIC AFFAIRS,Psychiatry,PHILADELPHIA,PA,191413018,1,1
1225390909,SOMBERG,TRUDIE,TRUDIE SOMBERG,3535 MARKET ST,3RD FLOOR,Psychiatry,PHILADELPHIA,PA,191043309,76,2
1235143223,MARKOV,DIMITRI,DIMITRI MARKOV,211 S 9TH ST,SUITE 500,Psychiatry,PHILADELPHIA,PA,191076810,98,4
1235360934,BUDJAK,RICARDO,RICARDO BUDJAK,3401 N BROAD ST,,Psychiatry,PHILADELPHIA,PA,191405103,98,1
1235368887,LIFSCHITZ,BIANA,BIANA LIFSCHITZ,801 W GIRARD AVE,SUITE 110,Psychiatry,PHILADELPHIA,PA,191224212,98,3
1245260363,KOHLER,CHRISTIAN,CHRISTIAN KOHLER,3400 SPRUCE ST,,Psychiatry,PHILADELPHIA,PA,19104,76,2
1245271618,MAYOR,GERALDINE,GERALDINE MAYOR,2201 CHESTNUT ST APT 601,,Psychiatry,PHILADELPHIA,PA,191033006,98,1
1245436591,GOPAL,ARUN,ARUN GOPAL,3400 SPRUCE ST,,Psychiatry,PHILADELPHIA,PA,191044238,76,2
1245586155,GOSWAMI BANERJEE,ARPITA,ARPITA GOSWAMI BANERJEE,3535 MARKET ST FL 3,,Psychiatry,PHILADELPHIA,PA,191043317,76,2
1245627058,AW,TSUNG WAI,TSUNG WAI AW,"833 CHESTNUT EAST, SUITE 210",,Psychiatry,PHILADELPHIA,PA,19107,98,1
1275534018,NIKHINSON,ILIA,ILIA NIKHINSON,801 W GIRARD AVE,,Psychiatry,PHILADELPHIA,PA,191224212,98,1
1275898249,GRAHAM,JAMES,JAMES GRAHAM,100 E LEHIGH AVE,,Psychiatry,PHILADELPHIA,PA,191251012,71,1
1285797027,KERSUN,JONATHAN,JONATHAN KERSUN,100 E LEHIGH AVE,,Psychiatry,PHILADELPHIA,PA,191251012,18,1
1295770303,RIES,ROSE,ROSE RIES,4641 ROOSEVELT BLVD,SUITE C229,Psychiatry,PHILADELPHIA,PA,191242343,45,1
1295775997,BELL,GEORGE,GEORGE BELL,101 E OLNEY AVE,SUITE 400,Psychiatry,PHILADELPHIA,PA,191202421,54,1
1306007380,ACHILDI,OLGA,OLGA ACHILDI,800 SPRUCE ST,4TH FLOOR,Psychiatry,PHILADELPHIA,PA,191076130,43,2
1306049473,COSGROVE,DONNA,DONNA COSGROVE,800 SPRUCE ST,HALL MERCER COMMUNITY MENTAL HEALTH CENTER,Psychiatry,PHILADELPHIA,PA,191076130,98,2
1306865779,WEINTRAUB,DANIEL,DANIEL WEINTRAUB,3535 MARKET ST.,3RD FLOOR,Psychiatry,PHILADELPHIA,PA,191043309,76,2
1306894126,GREENSPAN,DAVID,DAVID GREENSPAN,5501 OLD YORK RD,,Psychiatry,PHILADELPHIA,PA,191413018,54,1
1316000359,ZORATTI,MARIA,MARIA ZORATTI,166 W LEHIGH AVE,,Psychiatry,PHILADELPHIA,PA,191333849,17,1
1316250723,YOUNGMAN,BRANDEN,BRANDEN YOUNGMAN,2055 E ALLEGHENY AVE,3RD FLOOR,Psychiatry,PHILADELPHIA,PA,191343832,68,1
1326465543,DATLOF,STEVEN,STEVEN DATLOF,1315 WINDRIM AVE,,Psychiatry,PHILADELPHIA,PA,191412710,98,1
1336229459,DOGHRAMJI,KARL,KARL DOGHRAMJI,211 S 9TH ST,SUITE 500,Psychiatry,PHILADELPHIA,PA,191076810,98,4
1356638480,CHANDY,ANN,ANN CHANDY,833 CHESTNUT ST STE 210,,Psychiatry,PHILADELPHIA,PA,191074405,98,4
1366646101,NOBLE,SARAH,SARAH NOBLE,5501 OLD YORK RD,,Psychiatry,PHILADELPHIA,PA,191413018,54,1
1376779470,VAUGHN-COOKE,ANIKA,ANIKA VAUGHN-COOKE,7149 BOYER STREET,,Psychiatry,PHILADELPHIA,PA,19119,68,1
1386632370,STEINHOUSE,ROY,ROY STEINHOUSE,100 E LEHIGH AVE,"MAB BUILDING, SUITE 105",Psychiatry,PHILADELPHIA,PA,191251012,71,1
1396951414,RIVERA-COLON,JORGE,JORGE RIVERA-COLON,3535 MARKET ST,3RD FLOOR,Psychiatry,PHILADELPHIA,PA,191043309,31,1
1407010143,CRISTANCHO PIMIENTO,MARIO,MARIO CRISTANCHO PIMIENTO,3535 MARKET STREET,3RD FLOOR,Psychiatry,PHILADELPHIA,PA,191043309,43,2
1407053218,BARRERA,ANDRES,ANDRES BARRERA,3535 MARKET ST,3RD FLOOR,Psychiatry,PHILADELPHIA,PA,191043309,76,2
1407826928,MCCLURG,MARK,MARK MCCLURG,4641 ROOSEVELT BLVD,,Psychiatry,PHILADELPHIA,PA,191242343,98,6
1417010505,DEENEY,GERARD,GERARD DEENEY,166 W LEHIGH AVE,,Psychiatry,PHILADELPHIA,PA,191333849,12,1
1437313186,SANUCK,NEIL,NEIL SANUCK,100 E LEHIGH AVE,"MAB BLDG, SUITE 105",Psychiatry,PHILADELPHIA,PA,191251012,2,1
1467426247,KHAN,MAHRUKH,MAHRUKH KHAN,5501 OLD YORK RD,,Psychiatry,PHILADELPHIA,PA,191413018,4,1
1467552380,CAMPBELL,ETHEL,ETHEL CAMPBELL,800 SPRUCE ST,4TH FLOOR,Psychiatry,PHILADELPHIA,PA,191076130,67,2
1467574640,MCGLYNN,CHARLES,CHARLES MCGLYNN,4200 MONUMENT RD,,Psychiatry,PHILADELPHIA,PA,191311625,26,1
1477686608,SEPLOW,M,M SEPLOW,27 E MOUNT AIRY AVE,,Psychiatry,PHILADELPHIA,PA,19119,65,1
1477767374,FOSTER,JODY,JODY FOSTER,800 SPRUCE STREET,4TH FLOOR,Psychiatry,PHILADELPHIA,PA,191076130,51,2
1487099826,DAHER,MOHAMMED,MOHAMMED DAHER,561 FAIRTHORNE AVE,,Psychiatry,PHILADELPHIA,PA,191282412,98,1
1487642484,HARDING,JOHN,JOHN HARDING,100 E LEHIGH AVE,"MAB BLDG, SUITE 105",Psychiatry,PHILADELPHIA,PA,191251012,98,1
1487790630,PATTERSON-COHEN,JEANNE,JEANNE PATTERSON-COHEN,1400 REED ST,,Psychiatry,PHILADELPHIA,PA,191464823,98,5
1487802492,JANGRO,WILLIAM,WILLIAM JANGRO,833 CHESTNUT ST,SUITE 210,Psychiatry,PHILADELPHIA,PA,191074414,98,4
1487816690,PAGLIA,CAMILLE,CAMILLE PAGLIA,100 E LEHIGH AVE BLDG SUITE105,,Psychiatry,PHILADELPHIA,PA,191251012,20,1
1508072513,KOSTINSKY,SPENCER,SPENCER KOSTINSKY,245 S 8TH ST,,Psychiatry,PHILADELPHIA,PA,191063520,76,2
1508836057,SMITH,TIMOTHY,TIMOTHY SMITH,4641 ROOSEVELT BLVD,,Psychiatry,PHILADELPHIA,PA,191242343,98,6
1528099355,RICHARDSON,THOMAS,THOMAS RICHARDSON,101 E OLNEY AVE,SUITE 400,Psychiatry,PHILADELPHIA,PA,191202421,7,1
1538222658,BIRD,LUIS,LUIS BIRD,166 W LEHIGH AVE,,Psychiatry,PHILADELPHIA,PA,191333849,98,1
1548297906,SHAUGHNESSY,RITA,RITA SHAUGHNESSY,4641 ROOSEVELT BLVD,,Psychiatry,PHILADELPHIA,PA,191242343,45,1
1548550650,MCLAFFERTY,LAURA,LAURA MCLAFFERTY,1020 SANSOM ST,"THOMPSON BUILDING, SUITE 1652",Psychiatry,PHILADELPHIA,PA,191075002,98,4
1558381087,MAQSOOD,TAHIR,TAHIR MAQSOOD,501 S 54TH ST,,Psychiatry,PHILADELPHIA,PA,191431900,98,1
1558574509,MCCARTHY,ANGELA,ANGELA MCCARTHY,5501 OLD YORK RD,,Psychiatry,PHILADELPHIA,PA,191413018,98,1
1558578047,VANZANT,KRISTIN,KRISTIN VANZANT,120 S 30TH ST,,Psychiatry,PHILADELPHIA,PA,191043403,98,7
1578505889,ELGABALAWI,FAYEZ,FAYEZ ELGABALAWI,101 E OLNEY AVE,SUITE 400,Psychiatry,PHILADELPHIA,PA,191202421,98,1
1578595906,MEZOCHOW,JOHN,JOHN MEZOCHOW,51 NORTH 39TH STREET,"WRIGHT SAUNDERS, 4TH FLOOR",Psychiatry,PHILADELPHIA,PA,191042640,76,2
1588693873,GUR,RAQUEL,RAQUEL GUR,3400 SPRUCE ST,10 GATES PAVILION,Psychiatry,PHILADELPHIA,PA,191044238,76,2
1598716367,HUEGE,STEVEN,STEVEN HUEGE,3615 CHESTNUT STREET,3RD FLOOR,Psychiatry,PHILADELPHIA,PA,19104,98,2
1598772048,BALDASSANO,CLAUDIA,CLAUDIA BALDASSANO,3535 MARKET ST,,Psychiatry,PHILADELPHIA,PA,191043309,41,2
1609808047,STOLAR,NEAL,NEAL STOLAR,3400 SPRUCE STREET,,Psychiatry,PHILADELPHIA,PA,19104,38,1
1609812494,YOO,SOOK,SOOK YOO,101 E OLNEY AVE,SUITE 400,Psychiatry,PHILADELPHIA,PA,191202421,32,1
1609900455,MAGNANI,GRETCHEN,GRETCHEN MAGNANI,4641 ROOSEVELT BLVD,FRIENDS CAMPUS SCATTERGOOD BLDG,Psychiatry,PHILADELPHIA,PA,191242343,9,1
1619098159,RIVERA,ROMMEL,ROMMEL RIVERA,110 S 20TH ST,SUITE 206,Psychiatry,PHILADELPHIA,PA,191034486,60,8
1629005673,BALLAS,CHRISTOS,CHRISTOS BALLAS,1401 S 4TH ST,,Psychiatry,PHILADELPHIA,PA,191475948,98,9
1629066626,SHACK,JONATHAN,JONATHAN SHACK,100 E LEHIGH AVE,MAB BLDG STE 105,Psychiatry,PHILADELPHIA,PA,191251000,61,1
1639121270,GHOSALA,RAGHAVA,RAGHAVA GHOSALA,4641 ROOSEVELT BLVD,,Psychiatry,PHILADELPHIA,PA,191242343,50,1
1649268640,MIAZZO,PIETRO,PIETRO MIAZZO,100 E LEHIGH AVE,,Psychiatry,PHILADELPHIA,PA,191251012,20,1
1649482985,FOO,RUSSELL,RUSSELL FOO,5501 OLD YORK RD,,Psychiatry,PHILADELPHIA,PA,191413018,36,1
1659586121,WHITE,LAURA,LAURA WHITE,1520 SPRUCE ST,1004,Psychiatry,PHILADELPHIA,PA,191024511,58,8
1659672574,MALHI,NARPINDER,NARPINDER MALHI,265 E LEHIGH AVE,,Psychiatry,PHILADELPHIA,PA,191251013,98,1
1669416657,MATHUR,AJITA,AJITA MATHUR,5501 OLD YORK RD,,Psychiatry,PHILADELPHIA,PA,191413018,36,1
1669539581,BECKER,MADELEINE,MADELEINE BECKER,833 CHESTNUT ST,SUITE 210,Psychiatry,PHILADELPHIA,PA,191074414,98,4
1689610347,ROSENSTEIN,KENNETH,KENNETH ROSENSTEIN,101 E OLNEY AVE,SUITE 400,Psychiatry,PHILADELPHIA,PA,191202421,59,1
1689611196,KRAYCHIK,EDUARD,EDUARD KRAYCHIK,4641 ROOSEVELT BLVD,,Psychiatry,PHILADELPHIA,PA,191242343,98,6
1689662660,DUBIN,WILLIAM,WILLIAM DUBIN,100 E LEHIGH AVE,,Psychiatry,PHILADELPHIA,PA,191251012,20,1
1699702514,WEISS,DAVID,DAVID WEISS,3535 MARKET ST,3RD FLOOR,Psychiatry,PHILADELPHIA,PA,19104,53,2
1699817353,PILANIA,PRAMOD,PRAMOD PILANIA,2927 N 5TH ST,,Psychiatry,PHILADELPHIA,PA,191332800,98,9
1699870444,LYBRAND,JANICE,JANICE LYBRAND,PHILADELPHIA VAMC,"UNIVERSITY AND WOODLAND AVENUES,",Psychiatry,PHILADELPHIA,PA,191049019,98,1
1699927574,CHAKRAVORTY,SUBHAJIT,SUBHAJIT CHAKRAVORTY,3900 WOODLAND AVE,,Psychiatry,PHILADELPHIA,PA,191044551,76,2
1699939256,PACHIKARA,ABRAHAM,ABRAHAM PACHIKARA,245 S 8TH ST,,Psychiatry,PHILADELPHIA,PA,191063520,35,1
1700828506,AMBROSINI,PAUL,PAUL AMBROSINI,4641 ROOSEVELT BLVD,SUITE C229,Psychiatry,PHILADELPHIA,PA,191242343,98,1
1700942299,SATTERTHWAITE,THEODORE,THEODORE SATTERTHWAITE,3535 MARKET ST.,3RD FLOOR,Psychiatry,PHILADELPHIA,PA,191043309,76,2
1710927116,HAILS,KEVIN,KEVIN HAILS,101 E OLNEY AVE,SUITE 400,Psychiatry,PHILADELPHIA,PA,191202421,98,1
1720278807,BIZAMCER,AURELIA,AURELIA BIZAMCER,100 E LEHIGH AVE,,Psychiatry,PHILADELPHIA,PA,191251012,71,1
1730232562,LOPEZ,ANDREW,ANDREW LOPEZ,11082 KNIGHTS RD,,Psychiatry,PHILADELPHIA,PA,191543511,98,1
1740541549,LAZAROFF,JUSTIN,JUSTIN LAZAROFF,BELMONT BEHAVIORAL HOSPITAL,4200 MONUMENT RD,Psychiatry,PHILADELPHIA,PA,191311625,98,1
1750552089,MATTILA-EVENDEN,MARJA,MARJA MATTILA-EVENDEN,3535 MARKET STREET,3RD FLOOR,Psychiatry,PHILADELPHIA,PA,19104,76,2
1760418446,ROSTAIN,ANTHONY,ANTHONY ROSTAIN,3535 MARKET ST,3RD FLOOR,Psychiatry,PHILADELPHIA,PA,191043309,76,2
1760468870,PANDYA,PARESH,PARESH PANDYA,501 S 54TH ST,,Psychiatry,PHILADELPHIA,PA,191431900,98,7
1760548523,MATHEWS,SARAH,SARAH MATHEWS,3535 MARKET ST,3RD FLOOR,Psychiatry,PHILADELPHIA,PA,191043309,76,2
1760596274,GORTON,GREGG,GREGG GORTON,100 E LEHIGH AVE,,Psychiatry,PHILADELPHIA,PA,191251012,71,1
1760598734,WALTERS,M. INGRE,M. INGRE WALTERS,100 E LEHIGH AVE,,Psychiatry,PHILADELPHIA,PA,191251012,33,1
1760794366,IZZO,PHILIP,PHILIP IZZO,833 CHESTNUT ST,,Psychiatry,PHILADELPHIA,PA,191074414,98,8
1790711547,OLA,CONRADA,CONRADA OLA,1315 WINDRIM AVE,,Psychiatry,PHILADELPHIA,PA,191412710,98,1
1790928869,KAYSER,MATTHEW,MATTHEW KAYSER,3535 MARKET ST,3RD FLOOR,Psychiatry,PHILADELPHIA,PA,191043309,76,2
1821030388,STOCKTON,KEVIN,KEVIN STOCKTON,4641 ROOSEVELT BLVD,,Psychiatry,PHILADELPHIA,PA,191242343,98,8
1831115559,MUSTHAQ,MOHAMADO,MOHAMADO MUSTHAQ,520 N COLUMBUS BLVD,,Psychiatry,PHILADELPHIA,PA,191234226,19,1
1831224096,BUROCK,MARC,MARC BUROCK,4641 ROOSEVELT BOULEVARD,,Psychiatry,PHILADELPHIA,PA,191242399,98,8
1831342922,KOSTIANOVSKY,DEBORAH,DEBORAH KOSTIANOVSKY,1417 W OREGON AVE,,Psychiatry,PHILADELPHIA,PA,191454926,98,1
1831351824,BICKELL,MARYAM,MARYAM BICKELL,100 E LEHIGH AVE,TEMPLE EPISCOPAL CAMPUS,Psychiatry,PHILADELPHIA,PA,191251012,20,1
1831376318,MORRISON,MARY,MARY MORRISON,100 E LEHIGH AVE,,Psychiatry,PHILADELPHIA,PA,191251012,98,1
1851504922,ALI,FREDDY,FREDDY ALI,4200 MONUMENT RD,,Psychiatry,PHILADELPHIA,PA,191311625,98,1
1861540601,ZWIL,ALEXANDER,ALEXANDER ZWIL,3535 MARKET ST,3RD FLOOR,Psychiatry,PHILADELPHIA,PA,191043309,76,2
1861710113,LEE,DAVID,DAVID LEE,800 SPRUCE ST,4TH FLOOR,Psychiatry,PHILADELPHIA,PA,191076130,98,2
1861832156,STANFA,CHARLES,CHARLES STANFA,3535 MARKET ST,3RD FLOOR,Psychiatry,PHILADELPHIA,PA,191043309,98,1
1871938449,SAHOTA,PUNEET,PUNEET SAHOTA,3400 SPRUCE ST,,Psychiatry,PHILADELPHIA,PA,191044206,76,2
1891815775,VENKATARAMANA,PANDURANGA,PANDURANGA VENKATARAMANA,501 S 54TH ST,,Psychiatry,PHILADELPHIA,PA,191431900,98,1
1902829807,TRAN,JUDITH,JUDITH TRAN,501 S 54TH ST,,Psychiatry,PHILADELPHIA,PA,191431900,98,1
1922109073,MEYER,PETER,PETER MEYER,3440 MARKET ST,SUITE 200,Psychiatry,PHILADELPHIA,PA,191043325,14,1
1922137603,WOLF,DANIEL,DANIEL WOLF,3535 MARKET ST,3RD FLOOR,Psychiatry,PHILADELPHIA,PA,191043309,98,2
1932265709,CHISM,KEIRA,KEIRA CHISM,833 CHESTNUT ST,SUITE 210,Psychiatry,PHILADELPHIA,PA,191074414,98,4
1942645783,CROSS,STEPHANIE,STEPHANIE CROSS,245 S 8TH ST,,Psychiatry,PHILADELPHIA,PA,191063520,98,2
1952341737,ITSKOV,BORIS,BORIS ITSKOV,101 E OLNEY AVE,SUITE 400,Psychiatry,PHILADELPHIA,PA,191202421,26,1
1962441725,OTERO-PEREZ,GUILLERMO,GUILLERMO OTERO-PEREZ,101 E OLNEY AVE,SUITE 400,Psychiatry,PHILADELPHIA,PA,191202421,3,1
1962448167,JAFFE,RICHARD,RICHARD JAFFE,101 E OLNEY AVE,SUITE 400,Psychiatry,PHILADELPHIA,PA,191202421,11,1
1972653525,WASSERMAN,ANDREW,ANDREW WASSERMAN,1409 LOMBARD ST,,Psychiatry,PHILADELPHIA,PA,191461656,98,5
1982760666,KOVACH,JESSICA,JESSICA KOVACH,100 E LEHIGH AVE,,Psychiatry,PHILADELPHIA,PA,191251012,98,1
1992885362,KLYASHTORNY,BORIS,BORIS KLYASHTORNY,100 W LEHIGH AVE,,Psychiatry,PHILADELPHIA,PA,191334039,98,1
1992909733,CRUZ LUNA,NORMA,NORMA CRUZ LUNA,5501 OLD YORK RD,,Psychiatry,PHILADELPHIA,PA,191413018,8,1
